2026-06-06T23:43:26	crea un archivo de texto en mi escritorio con una lista de tareas de obra
2026-06-06T23:44:46	crea un archivo de texto en mi escritorio con una lista de tareas de obra
2026-06-06T23:45:45	tiene la capacidad de crear una pagina web si te doy las indicaciones?
2026-06-06T23:46:55	te fijas que le hace falta a mi pc para poder estar mas rapida y optimizada?
2026-06-06T23:46:57	crea un archivo de texto en mi escritorio con una lista de tareas de obra
2026-06-06T23:50:01	crea un archivo de texto en mi escritorio con una lista de tareas de obra
2026-07-29T21:39:21	hola
2026-07-29T21:39:21	hola
2026-07-29T21:39:49	hola
2026-07-29T21:39:49	crear saludo
